<?xml version="1.0" encoding="UTF-8"?>
<?xml-stylesheet type="text/xsl" href="HRМanagementSystem.xsl"?>
<HRManagement xmlns:xsi="http://www.w3.org/2001/XMLSchema-instance" xsi:noNamespaceSchemaLocation="HRМanagementSystem.xsd">
	<employeeList>
		<employee>
			<id>e1</id>
			<depId>101</depId>
			<personal-info>
				<firstName>Ваньо</firstName>
				<secondName>Пенков</secondName>
				<familyName>Лазаров</familyName>
				<birthdate>1998-02-01</birthdate>
			</personal-info>
			<contact-info>
				<email-address>i_lazarov@gmail.com</email-address>
				<telephone>0877-96-56-23</telephone>
			</contact-info>
			<contract>
				<type>безсрочен</type>
				<signDate>2018-01-06</signDate>
				<position>Мрежов Администратор</position>
				<salary>2000</salary>
			</contract>
		</employee>

		<employee>
			<id>e2</id>
			<depId>102</depId>
			<personal-info>
				<firstName>Пепи</firstName>
				<secondName>Крачолов</secondName>
				<familyName>Колев</familyName>
				<birthdate>1988-02-01</birthdate>
			</personal-info>
			<contact-info>
				<email-address>p_kolev@gmail.com</email-address>
				<telephone>0877-34-34-34</telephone>
			</contact-info>
			<contract>
				<type>срочен</type>
				<signDate>2020-03-26</signDate>
				<duration>2 години</duration>
				<endDate>2022-03-26</endDate>
				<position>Човешки ресурси</position>
				<salary>1500</salary>
			</contract>
		</employee>

		<employee>
			<id>e3</id>
			<depId>101</depId>
			<personal-info>
				<firstName>Господин</firstName>
				<secondName>Парцалев</secondName>
				<familyName>Костов</familyName>
				<birthdate>1986-02-01</birthdate>
			</personal-info>
			<contact-info>
				<email-address>g_kostov@gmail.com</email-address>
				<telephone>0888-88-88-88</telephone>
			</contact-info>
			<contract>
				<type>срочен</type>
				<signDate>2020-03-06</signDate>
				<duration>2 години</duration>
				<endDate>2022-03-06</endDate>
				<position>Мениджър</position>
				<salary>3000</salary>
			</contract>
		</employee>

		<employee>
			<id>e4</id>
			<depId>103</depId>
			<personal-info>
				<firstName>Мартин</firstName>
				<secondName>Хубенов</secondName>
				<familyName>Кандиларов</familyName>
				<birthdate>1987-12-09</birthdate>
			</personal-info>
			<contact-info>
				<email-address>m_kandilarov@gmail.com</email-address>
				<telephone>0877-78-95-42</telephone>
			</contact-info>
			<contract>
				<type>срочен</type>
				<signDate>2020-10-26</signDate>
				<duration>2 години</duration>
				<endDate>2022-10-26</endDate>
				<position>Електроинженер</position>
				<salary>2300</salary>
			</contract>
		</employee>

		<employee>
			<id>e5</id>
			<depId>101</depId>
			<personal-info>
				<firstName>Лиляна</firstName>
				<secondName>Костадинова</secondName>
				<familyName>Малкова</familyName>
				<birthdate>1997-06-06</birthdate>
			</personal-info>
			<contact-info>
				<email-address>l_malkova@gmail.com</email-address>
				<telephone>0877-78-95-42</telephone>
			</contact-info>
			<contract>
				<type>срочен</type>
				<signDate>-2019-10-26</signDate>
				<duration>5 години</duration>
				<endDate>2024-10-26</endDate>
				<position>Електротехник</position>
				<salary>2300</salary>
			</contract>
		</employee>
		<employee>
			<id>e6</id>
			<depId>102</depId>
			<personal-info>
				<firstName>Черешка</firstName>
				<secondName>Николова</secondName>
				<familyName>Пецева</familyName>
				<birthdate>1923-02-01</birthdate>
			</personal-info>
			<contact-info>
				<email-address>ch_peceva@abv.com</email-address>
				<telephone>0877-78-95-42</telephone>
			</contact-info>
			<contract>
				<type>безсрочен</type>
				<signDate>-2020-03-06</signDate>
				<position>Мениджър</position>
				<salary>2300</salary>
			</contract>
		</employee>
		<employee>
			<id>e7</id>
			<depId>103</depId>
			<personal-info>
				<firstName>Гълъбин</firstName>
				<secondName>Соев</secondName>
				<familyName>Граждански</familyName>
				<birthdate>1967-02-01</birthdate>
			</personal-info>
			<contact-info>
				<email-address>gulubin_grajdanski@gmail.com</email-address>
				<telephone>0877-78-95-42</telephone>
			</contact-info>
			<contract>
				<type>по заместване</type>
				<signDate>2020-10-26</signDate>
				<position>Мениджър</position>
				<salary>2300</salary>
			</contract>
		</employee>

	</employeeList>

	<departmentList>

		<departmentInfo>
			<depId>101</depId>
			<departmentName>Техническо обслужване</departmentName>
			<leaderId>e3</leaderId>
		</departmentInfo>
		<departmentInfo>
			<depId>102</depId>
			<departmentName>Човешки ресурси</departmentName>
			<leaderId>e6</leaderId>
		</departmentInfo>

		<departmentInfo>
			<depId>103</depId>
			<departmentName>Инженерество</departmentName>
			<leaderId>e7</leaderId>
		</departmentInfo>

	</departmentList>
	
</HRManagement>